covariate,coef,exp(coef),se(coef),coef lower 95%,coef upper 95%,exp(coef) lower 95%,exp(coef) upper 95%,cmp to,z,p,-log2(p)
age,0.1026195316792598,1.1080697434313376,0.01157235261964431,0.07993813732835921,0.1253009260301604,1.0832200547156199,1.133489498244502,0.0,8.867646454625051,7.4708084377991385e-19,60.2153694331927
sex,-0.10109454682411774,0.9038475729284371,0.26315162163815925,-0.6168622477082211,0.41467315405998556,0.539635024921662,1.5138758556437666,0.0,-0.3841684356523766,0.7008536113461856,0.5128149576980181
traj_label_1,-0.18611411632080857,0.8301788526199365,0.2636706554401406,-0.7028991047635542,0.33067087212193713,0.4951477358086437,1.3919016032897775,0.0,-0.7058582837370797,0.48027627226212777,1.058063559964645
