covariate,coef,exp(coef),se(coef),coef lower 95%,coef upper 95%,exp(coef) lower 95%,exp(coef) upper 95%,cmp to,z,p,-log2(p)
age,0.0013110669592862809,1.0013119267832933,0.008307251066753873,-0.014970845942083257,0.01759297986065582,0.9851406600322608,1.0177486478790123,0.0,0.15782199776448927,0.8745970641815831,0.19330958925097647
sex,0.5880627974319483,1.8004971071842664,0.214608193499197,0.1674384673863193,1.0086871274775775,1.1822725396272327,2.741998756057583,0.0,2.7401693655939034,0.006140753173895453,7.347368669196196
traj_label_1,0.5583691784275724,1.7478197925772563,0.21043324853474585,0.1459275901497044,0.9708107667054404,1.1571123986816811,2.6400840841436626,0.0,2.6534265963934724,0.007967909874013036,6.9715829556609386
