{
  "accuracy": 0.825,
  "f1": 0.4067796610169492,
  "pr_auc": 0.5220492276144625,
  "precision": 0.26666666666666666,
  "recall": 0.8571428571428571,
  "roc_auc": 0.8897849462365591
}