{
  "accuracy": 0.86,
  "f1": 0.631578947368421,
  "pr_auc": 0.6530357142857142,
  "precision": 0.6666666666666666,
  "recall": 0.6,
  "roc_auc": 0.9
}